,system_name,router_skew,throughput (toks/s)
0,exflow,0.0,32.13916934900362
1,fastermoe,0.0,45.607928442239235
2,fastmoe,0.0,45.75607625056685
3,harmony,0.0,45.55730171955023
4,exflow,0.5,19.33614044266796
5,fastermoe,0.5,25.61594795376501
6,fastmoe,0.5,25.60825317257442
7,harmony,0.5,36.4577022287726
8,exflow,0.9,14.855234523126752
9,fastermoe,0.9,19.264115172251145
10,fastmoe,0.9,19.210135660128817
11,harmony,0.9,32.763057279005224
