,system_name,router_skew,throughput (toks/s)
0,exflow,0.0,214.1430005255264
1,fastermoe,0.0,232.09782381607636
2,fastmoe,0.0,232.3704411796824
3,harmony,0.0,213.66089834427154
4,exflow,0.5,136.1781033778994
5,fastermoe,0.5,159.6439757753591
6,fastmoe,0.5,159.91137457233378
7,harmony,0.5,207.13187152604894
8,exflow,0.9,106.4564667634005
9,fastermoe,0.9,122.12521053665145
10,fastmoe,0.9,122.25815583621534
11,harmony,0.9,186.5181231681783
