,throughput (toks/s),router_skew,scheduling_policy
0,14.030559843919663,0.0,deepspeed
1,15.215115814815098,0.0,drop
2,2.303205000045826,0.0,even_split
3,8.063270022055057,0.0,harmony
4,8.802876830419585,0.5,deepspeed
5,16.348015407832946,0.5,drop
6,2.0348776504402197,0.5,even_split
7,5.903893967260581,0.5,harmony
8,5.660272794215724,0.9,deepspeed
9,16.084353520277702,0.9,drop
10,1.992249547536505,0.9,even_split
11,5.378254025741072,0.9,harmony
